{
  "criteria": {
    "requirement": {
      "trigger": "minecraft:default_block_use",
      "conditions": {
        "player": {
          "flags": {
            "is_sneaking": false
          }
        },
        "location": [
          {
            "condition": "minecraft:location_check",
            "predicate": {
              "block": {
                "blocks": "#minecraft:wooden_doors"
              }
            }
          }
        ]
      }
    }
  },
  "rewards": {
    "function": "double_doors:init_system"
  }
}