{   
    "loader": "fusion:model",
    "type": "connecting",
    "parent": "block/block",
    "textures": {
        "particle": "block/dirt",
        "top": "block/dirt_path_top",
        "side": "block/dirt_path_side",
        "bottom": "block/dirt",
		"dirt_overlay": "block/dirt_side_overlay_fusion"
    },
	"connections": {
		"dirt_overlay": [
			{
				"type": "match_block",
				"block": "minecraft:dirt"
			}
		]
	},
    "elements": [
        {   "from": [ 0, 0, 0 ],
            "to": [ 16, 15, 16 ],
            "faces": {
                "down":  { "uv": [ 0, 0, 16, 16 ], "texture": "#bottom", "cullface": "down" },
                "up":    { "uv": [ 0, 0, 16, 16 ], "texture": "#top" },
                "north": { "uv": [ 0, 0, 16, 15 ], "texture": "#side", "cullface": "north" },
                "south": { "uv": [ 0, 0, 16, 15 ], "texture": "#side", "cullface": "south" },
                "west":  { "uv": [ 0, 0, 16, 15 ], "texture": "#side", "cullface": "west" },
                "east":  { "uv": [ 0, 0, 16, 15 ], "texture": "#side", "cullface": "east" }
            }
        },
		{
         "from": [ 0, 0, 0 ],
         "to": [ 16, 15, 16 ],
         "faces": {
            "north":   { "texture": "#dirt_overlay", "cullface": "north" },
			"south":   { "texture": "#dirt_overlay", "cullface": "south" },
			"west":   { "texture": "#dirt_overlay", "cullface": "west" },
			"east":   { "texture": "#dirt_overlay", "cullface": "east" }
			}
		}
    ]
}
