{
	"loader": "fusion:model",
    "type": "connecting",
    "parent": "block/grass_block_parent",
    "textures": {
        "particle": "block/dirt",
        "bottom": "block/dirt",
        "top": "block/grass_block_top9",
        "side": "block/grass_block_side",
        "overlay": "block/grass_block_side_overlay",
		"dirt_overlay": "block/dirt_side_overlay_fusion"
    },
	"connections": {
		"dirt_overlay": [
			{
				"type": "and",
				"predicates": [
				{
					"type": "match_block",
					"block": "minecraft:dirt"
				},
				{
					"type": "is_face_visible"
				}]
			}
		]
	}
}
