{
  "parent": "minecraft:recipes/root",
  "rewards": {
    "recipes": [
      "minecraft:shortcut_dispenser"
    ]
  },
  "criteria": {
    "has_item": {
      "trigger": "minecraft:inventory_changed",
      "conditions": {
        "items": [
          {
            "item": "minecraft:dropper"
          }
        ]
      }
    },
    "has_the_vanilla_recipe": {
      "trigger": "minecraft:recipe_unlocked",
      "conditions": {
        "recipe": "minecraft:dispenser"
      }
    },
    "has_the_shortcut_recipe": {
      "trigger": "minecraft:recipe_unlocked",
      "conditions": {
        "recipe": "minecraft:shortcut_dispenser"
      }
    }
  },
  "requirements": [
    [
      "has_item",
      "has_the_vanilla_recipe",
      "has_the_shortcut_recipe"
    ]
  ]
}