{
    "variants": {
        "distance=1": { "model": "block/flowering_azalea_leaves" },
        "distance=2": { "model": "block/flowering_azalea_leaves" },
        "distance=3": { "model": "block/flowering_azalea_leaves" },
        "distance=4": { "model": "block/flowering_azalea_leaves" },
        "distance=5": { "model": "block/flowering_azalea_leaves" },
        "distance=6": { "model": "block/flowering_azalea_leaves" },
        "distance=7": { "model": "block/flowering_azalea_leaves" }
    }
}
