{
	"credit": "Made with Blockbench",
	"ambientocclusion": false,
	"textures": {
		"particle": "block/iron_bars"
	},
	"elements": [
		{
			"name": "Cube",
			"from": [7, 0, 7],
			"to": [9.001, 16.001, 8.001],
			"faces": {
				"north": {"uv": [2, 0, 4, 16], "texture": "#particle"},
				"east": {"uv": [2, 0, 3, 16], "texture": "#particle"},
				"south": {"uv": [2, 0, 4, 16], "texture": "#particle"},
				"west": {"uv": [2, 0, 3, 16], "texture": "#particle"},
				"up": {"uv": [2, 0, 4, 1], "texture": "#particle"},
				"down": {"uv": [2, 0, 4, 1], "texture": "#particle"}
			}
		}
	],
	"display": {
		"thirdperson_righthand": {
			"rotation": [75, 315, 0],
			"translation": [0, 2.5, 0],
			"scale": [0.375, 0.375, 0.375]
		},
		"firstperson_righthand": {
			"rotation": [0, 315, 0],
			"translation": [0, 2.5, 0],
			"scale": [0.4, 0.4, 0.4]
		},
		"ground": {
			"translation": [0, 3, 0],
			"scale": [0.25, 0.25, 0.25]
		},
		"gui": {
			"rotation": [30, 45, 0],
			"scale": [0.625, 0.625, 0.625]
		},
		"head": {
			"rotation": [0, 180, 0]
		},
		"fixed": {
			"rotation": [0, 180, 0]
		}
	}
}