{
    "variants": {
        "": [
			{ "model": "block/grass", "weight": 20 },
            { "model": "block/grass2", "weight": 20 },
            { "model": "block/grass3", "weight": 15 },
            { "model": "block/grass4", "weight": 15 },
            { "model": "block/grass5", "weight": 3 },
            { "model": "block/grass6", "weight": 3 },
            { "model": "block/grass7", "weight": 3 },
			{ "model": "block/grass8", "weight": 3 },
			{ "model": "block/grass9", "weight": 10 },
			{ "model": "block/grass10", "weight": 3 },
			{ "model": "block/grass11", "weight": 3 },
			{ "model": "block/grass12", "weight": 3 },
			{ "model": "block/grass13", "weight": 3 },
			{ "model": "block/grass14", "weight": 3 },
			{ "model": "block/grass15", "weight": 3 },
			{ "model": "block/grass16", "weight": 3 },
			{ "model": "block/grass17", "weight": 3 },
			{ "model": "block/grass18", "weight": 1 },
			{ "model": "block/grass19", "weight": 1 },
			{ "model": "block/grass20", "weight": 1 },
			{ "model": "block/grass21", "weight": 1 },
			{ "model": "block/grass22", "weight": 1 },
			{ "model": "block/grass23", "weight": 15 }
        ]
    }
}
