{
	"parent": "block/hopper",
	"display": {
        "thirdperson_righthand": {
			"rotation": [ 70, 45, 0 ],
			"translation": [ 0, 3, 0 ],
			"scale": [ 0.35, 0.35, 0.35 ]
		},
		"thirdperson_lefthand": {
			"rotation": [ 70, 45, 0 ],
			"translation": [ 0, 3, 0 ],
			"scale": [ 0.35, 0.35, 0.35 ]
		},
		"firstperson_righthand": {
			"rotation": [ 0, 45, 0 ],
			"translation": [ 0, 0, 0 ],
			"scale": [ 0.4, 0.4, 0.4 ]
		},
		"firstperson_lefthand": {
			"rotation": [ 0, 45, 0 ],
			"translation": [ 0, 0, 0 ],
			"scale": [ 0.4, 0.4, 0.4 ]
		},
		"gui": {
			"rotation": [ 30, -45, 0 ],
			"translation": [ 0, -1, 0 ],
			"scale": [ 0.6, 0.6, 0.6 ]
		},
		"ground": {
			"translation": [ 0, 3, 0 ],
			"scale": [ 0.3, 0.3, 0.3 ]
		}
	}
}